datetime,open,high,low,close,volume,close_time,qav,num_trades,taker_base_vol,taker_quote_vol,ignore
1672520400000,16550.00000000,16560.01000000,16521.10000000,16537.46000000,14.41796200,1672523999999,238549.73356001,226,2.46826300,40843.96221055,0
1672524000000,16532.51000000,16552.85000000,16474.79000000,16491.29000000,12.92574600,1672527599999,213505.20104029,494,2.62667900,43365.01066403,0
1672527600000,16509.51000000,16541.16000000,16477.26000000,16520.17000000,2.81429300,1672531199999,46440.03980990,200,0.22104900,3649.77882442,0
1672531200000,16533.83000000,16533.83000000,16502.43000000,16508.82000000,1.01996300,1672534799999,16852.19835656,50,0.62413400,10312.35165695,0
1672534800000,16521.32000000,16541.87000000,16520.38000000,16541.87000000,0.64263300,1672538399999,10625.12558887,48,0.12008900,1985.98441960,0
1672538400000,16532.98000000,16546.33000000,16532.98000000,16534.00000000,0.00727900,1672541999999,120.36447022,3,0.00118800,19.65704004,0
1672542000000,16526.53000000,16528.17000000,16513.55000000,16528.17000000,0.26832800,1672545599999,4433.13372622,56,0.01980000,327.25741600,0
1672545600000,16525.12000000,16525.15000000,16508.25000000,16514.43000000,1.84550100,1672549199999,30481.10071183,117,1.08483500,17919.05980487,0
1672549200000,16518.48000000,16526.00000000,16511.00000000,16525.99000000,2.76107100,1672552799999,45598.48025037,72,2.45465200,40539.00846775,0
1672552800000,16528.86000000,16538.70000000,16528.86000000,16538.70000000,0.06181000,1672556399999,1021.84270067,20,0.05942100,982.34666553,0
1672556400000,16527.25000000,16527.25000000,16499.69000000,16525.98000000,1.34025600,1672559999999,22130.79233543,74,1.04215300,17207.82997551,0
1672560000000,16520.27000000,16520.46000000,16519.76000000,16520.46000000,0.00723400,1672563599999,119.50527774,3,0.00102400,16.91695104,0
1672563600000,16520.46000000,16520.46000000,16520.46000000,16520.46000000,0.00000000,1672567199999,0.00000000,0,0.00000000,0.00000000,0
1672567200000,16529.80000000,16539.92000000,16525.79000000,16539.92000000,0.06307500,1672570799999,1042.97456620,8,0.03586600,593.22008609,0
1672570800000,16544.23000000,16544.24000000,16538.90000000,16543.00000000,0.01479200,1672574399999,244.67597288,7,0.01479200,244.67597288,0
1672574400000,16550.00000000,16556.64000000,16550.00000000,16556.64000000,0.15708600,1672577999999,2599.85586338,5,0.15208600,2517.07266338,0
1672578000000,16555.38000000,16555.38000000,16538.86000000,16539.36000000,0.15154800,1672581599999,2507.14833780,6,0.07234800,1196.58889380,0
1672581600000,16548.70000000,16553.19000000,16548.18000000,16549.09000000,0.01175800,1672585199999,194.58160426,6,0.01175800,194.58160426,0
1672585200000,16538.16000000,16544.86000000,16538.16000000,16540.58000000,0.15344400,1672588799999,2538.05988470,5,0.15245000,2521.62095366,0
1672588800000,16553.59000000,16591.06000000,16553.59000000,16562.85000000,5.65822900,1672592399999,93816.00532540,58,5.63702900,93464.86765340,0
1672592400000,16569.03000000,16582.44000000,16565.13000000,16580.11000000,0.89789900,1672595999999,14880.74365037,82,0.62241000,10314.76180615,0
1672596000000,16575.30000000,16585.61000000,16575.29000000,16581.86000000,0.04640800,1672599599999,769.56739199,6,0.00000000,0.00000000,0
1672599600000,16596.12000000,16616.90000000,16591.36000000,16598.00000000,0.46845300,1672603199999,7777.41138318,27,0.15305200,2539.91813351,0
1672603200000,16594.06000000,16633.85000000,16594.06000000,16598.00000000,2.59835200,1672606799999,43177.86720384,75,2.19770400,36523.97538300,0
1672606800000,16593.24000000,16599.54000000,16593.24000000,16599.54000000,0.13834400,1672610399999,2295.93281450,12,0.12629400,2095.97511450,0
1672610400000,16598.50000000,16599.77000000,16592.97000000,16598.00000000,1.16598000,1672613999999,19353.00669142,10,0.16598000,2755.00669142,0
1672614000000,16598.37000000,16616.40000000,16598.37000000,16602.80000000,0.39728900,1672617599999,6597.66584644,12,0.19611900,3257.54017044,0
1672617600000,16608.27000000,16621.19000000,16578.69000000,16578.69000000,0.19519500,1672621199999,3237.89508835,11,0.01305000,216.60143600,0
1672621200000,16568.37000000,16568.37000000,16550.00000000,16559.62000000,0.59313900,1672624799999,9821.38382306,21,0.57887200,9585.18937452,0
1672624800000,16554.23000000,16574.59000000,16554.20000000,16574.59000000,0.02153400,1672628399999,356.88494231,5,0.02002700,331.93772670,0
1672628400000,16580.20000000,16691.05000000,16580.20000000,16651.40000000,2.64249200,1672631999999,43982.54843921,67,1.67025800,27800.18200013,0
1672632000000,16667.54000000,16667.55000000,16630.34000000,16630.34000000,0.48390100,1672635599999,8053.95662245,20,0.00770000,128.22416100,0
1672635600000,16624.06000000,16649.00000000,16620.93000000,16649.00000000,0.84088900,1672639199999,13998.93234901,33,0.76168700,12681.20220097,0
1672639200000,16658.08000000,16658.09000000,16646.84000000,16646.85000000,0.04186000,1672642799999,696.98965939,6,0.01466000,244.16261539,0
1672642800000,16653.21000000,16750.00000000,16653.21000000,16724.16000000,2.66706100,1672646399999,44595.95486690,108,1.30558000,21825.57963985,0
1672646400000,16743.52000000,16752.37000000,16728.09000000,16728.09000000,0.25358300,1672649999999,4245.87648669,13,0.19521300,3268.64895329,0
1672650000000,16726.84000000,16727.25000000,16721.65000000,16721.65000000,0.03656400,1672653599999,611.45069105,4,0.00603900,101.01586275,0
1672653600000,16733.49000000,16755.16000000,16727.05000000,16727.05000000,0.48068600,1672657199999,8047.34002184,15,0.47068600,7880.04812184,0
1672657200000,16724.80000000,16726.06000000,16700.00000000,16726.02000000,0.13564600,1672660799999,2267.21599364,10,0.05584400,933.06374400,0
1672660800000,16726.64000000,16726.64000000,16723.67000000,16726.10000000,0.00273800,1672664399999,45.79490917,3,0.00118200,19.77025020,0
1672664400000,16709.53000000,16709.53000000,16683.28000000,16698.89000000,0.79828400,1672667999999,13323.95353377,33,0.09800900,1636.61545725,0
1672668000000,16688.33000000,16701.11000000,16671.33000000,16686.57000000,0.34955700,1672671599999,5832.19414226,26,0.26248000,4379.59673921,0
1672671600000,16699.23000000,16732.47000000,16692.08000000,16728.03000000,0.87757800,1672675199999,14671.74916328,58,0.39560800,6609.59019776,0
1672675200000,16728.80000000,16728.80000000,16706.75000000,16706.75000000,0.50644400,1672678799999,8469.47863586,32,0.37340300,6244.98407813,0
1672678800000,16707.93000000,16707.93000000,16707.93000000,16707.93000000,0.02025100,1672682399999,338.35229043,3,0.02025100,338.35229043,0
1672682400000,16713.83000000,16717.37000000,16708.33000000,16713.84000000,0.44396400,1672685999999,7419.30272656,13,0.44157100,7379.30622064,0
1672686000000,16723.22000000,16725.03000000,16723.22000000,16725.03000000,0.01551900,1672689599999,259.53903193,3,0.01051900,175.91388193,0
1672689600000,16737.63000000,16737.63000000,16709.69000000,16728.06000000,0.29097900,1672693199999,4864.44313624,37,0.05722300,956.78422522,0
1672693200000,16728.06000000,16772.61000000,16717.51000000,16761.44000000,6.27187100,1672696799999,105122.25868225,170,3.53547100,59263.61712267,0
1672696800000,16761.41000000,16763.54000000,16684.10000000,16692.62000000,3.85965600,1672700399999,64559.67280562,177,2.22166600,37131.46903012,0
1672700400000,16694.33000000,16714.52000000,16663.50000000,16666.72000000,1.27939300,1672703999999,21354.03716725,79,0.81392800,13585.06694214,0
1672704000000,16662.32000000,16704.81000000,16649.17000000,16704.18000000,0.23345100,1672707599999,3890.03879405,16,0.21112400,3518.09355858,0
1672707600000,16675.54000000,16679.99000000,16650.70000000,16658.81000000,0.19323100,1672711199999,3220.40154562,20,0.15323100,2553.94444562,0
1672711200000,16672.72000000,16676.43000000,16672.72000000,16675.24000000,0.17112000,1672714799999,2853.57453340,6,0.16112000,2686.81378340,0
1672714800000,16661.44000000,16693.45000000,16661.42000000,16693.45000000,0.06297300,1672718399999,1050.49917007,7,0.06132100,1022.97448025,0
1672718400000,16693.23000000,16696.00000000,16682.73000000,16682.73000000,1.28824900,1672721999999,21504.63687617,27,0.29545100,4931.99186017,0
1672722000000,16676.16000000,16721.35000000,16676.16000000,16721.35000000,0.42486700,1672725599999,7097.08547207,40,0.20050200,3349.93799782,0
1672725600000,16724.30000000,16759.61000000,16724.30000000,16729.67000000,0.64632400,1672729199999,10818.59166866,92,0.36416600,6096.73666669,0
1672729200000,16725.26000000,16725.26000000,16711.30000000,16721.66000000,0.01340500,1672732799999,224.09614290,5,0.00825500,137.99568530,0
1672732800000,16721.62000000,16721.62000000,16701.60000000,16712.07000000,0.20619400,1672736399999,3445.46414576,42,0.13619400,2275.50484576,0
1672736400000,16728.60000000,16743.16000000,16719.76000000,16733.59000000,0.67244900,1672739999999,11253.43762846,119,0.48592800,8132.00260552,0
1672740000000,16734.76000000,16734.76000000,16719.56000000,16719.56000000,0.05835100,1672743599999,975.76062689,15,0.00352900,59.05432129,0
1672743600000,16719.56000000,16724.70000000,16710.35000000,16716.15000000,0.08848500,1672747199999,1479.68823944,12,0.01599500,267.36627925,0
1672747200000,16711.32000000,16720.70000000,16700.00000000,16700.00000000,0.24033000,1672750799999,4016.76642293,30,0.04945400,826.74170953,0
1672750800000,16699.32000000,16727.74000000,16699.32000000,16722.84000000,0.16647800,1672754399999,2782.99505782,32,0.02431500,406.44825006,0
1672754400000,16727.34000000,16766.52000000,16646.65000000,16663.49000000,3.55495400,1672757999999,59338.14279955,439,2.11321000,35274.56940216,0
1672758000000,16656.79000000,16682.13000000,16623.70000000,16669.25000000,4.64414300,1672761599999,77293.86730359,167,2.60556100,43382.71233646,0
1672761600000,16667.99000000,16679.98000000,16615.23000000,16618.62000000,0.64483600,1672765199999,10744.27166224,77,0.15581400,2594.51339724,0
1672765200000,16615.86000000,16634.06000000,16590.76000000,16590.76000000,1.94892500,1672768799999,32357.24943215,28,0.30801000,5121.26754564,0
1672768800000,16630.69000000,16641.76000000,16627.05000000,16637.32000000,0.20035900,1672772399999,3333.01499109,16,0.04823900,802.26991665,0
1672772400000,16641.00000000,16643.88000000,16618.95000000,16635.03000000,0.74797000,1672775999999,12441.92684884,64,0.30060600,5001.07553669,0
1672776000000,16641.29000000,16662.70000000,16641.29000000,16660.69000000,0.42175700,1672779599999,7024.01889017,66,0.31057700,5172.84327367,0
1672779600000,16660.47000000,16663.20000000,16653.19000000,16653.19000000,0.44570400,1672783199999,7425.62341327,52,0.17390300,2897.30732944,0
1672783200000,16657.50000000,16661.26000000,16648.68000000,16661.26000000,0.51023300,1672786799999,8498.98142804,59,0.36783300,6127.69811604,0
1672786800000,16664.89000000,16686.07000000,16658.92000000,16667.29000000,0.01410600,1672790399999,235.23638302,10,0.00483500,80.65168537,0
1672790400000,16670.52000000,16670.52000000,16661.78000000,16661.79000000,0.11921100,1672793999999,1986.30992182,10,0.11921100,1986.30992182,0
1672794000000,16659.31000000,16719.91000000,16657.56000000,16695.58000000,6.75650000,1672797599999,112669.00116942,109,1.34376600,22429.78951052,0
1672797600000,16708.09000000,16744.39000000,16705.81000000,16723.67000000,1.13494600,1672801199999,18988.15986391,98,0.94274000,15771.82427498,0
1672801200000,16738.29000000,16865.38000000,16732.67000000,16865.00000000,8.92460800,1672804799999,150036.42247815,483,6.57149800,110476.94620855,0
1672804800000,16865.00000000,16899.45000000,16847.53000000,16859.05000000,1.74176000,1672808399999,29380.21778597,94,1.25617200,21187.03462221,0
1672808400000,16860.51000000,16860.51000000,16831.90000000,16843.06000000,0.82626700,1672811999999,13921.33810860,114,0.29239900,4927.87033107,0
1672812000000,16858.43000000,16862.10000000,16854.73000000,16862.09000000,0.02694000,1672815599999,454.11682785,5,0.02194000,369.80636600,0
1672815600000,16877.41000000,16889.33000000,16848.76000000,16856.34000000,0.27582300,1672819199999,4649.57389939,76,0.00732100,123.58846049,0
1672819200000,16869.53000000,16902.97000000,16829.29000000,16859.00000000,2.63239900,1672822799999,44453.59302032,157,1.93308000,32661.32738920,0
1672822800000,16853.73000000,16854.93000000,16831.27000000,16836.23000000,0.69673500,1672826399999,11735.02084947,47,0.17112300,2881.00251599,0
1672826400000,16834.89000000,16841.71000000,16834.19000000,16841.71000000,0.06197000,1672829999999,1043.23432585,5,0.00250000,42.10421565,0
1672830000000,16842.23000000,16842.96000000,16833.61000000,16834.80000000,0.07844700,1672833599999,1320.98890605,18,0.04856100,817.89769429,0
1672833600000,16836.72000000,16841.67000000,16803.11000000,16804.52000000,0.53339900,1672837199999,8971.68397988,60,0.46625000,7842.40284880,0
1672837200000,16801.32000000,16827.37000000,16801.26000000,16827.37000000,0.06034800,1672840799999,1014.34201742,17,0.02312600,388.86678758,0
1672840800000,16817.78000000,16849.93000000,16800.00000000,16820.00000000,1.41512200,1672844399999,23783.80202211,68,0.21410200,3602.36748716,0
1672844400000,16817.11000000,16850.50000000,16767.79000000,16842.54000000,5.00711400,1672847999999,84134.61180120,227,2.10677500,35381.41169165,0
1672848000000,16842.71000000,16883.54000000,16833.32000000,16867.43000000,1.63860500,1672851599999,27620.93322438,144,0.29986200,5051.75561251,0
1672851600000,16847.99000000,16926.97000000,16847.97000000,16902.35000000,1.22684100,1672855199999,20732.06927711,77,0.39977700,6751.77131817,0
1672855200000,16884.23000000,16972.59000000,16879.58000000,16946.01000000,3.19417300,1672858799999,54103.57636966,139,2.00308000,33915.60766505,0
1672858800000,16948.98000000,16976.29000000,16786.93000000,16832.22000000,5.77374400,1672862399999,97334.73495839,311,2.65932900,44826.71821350,0
1672862400000,16838.43000000,16843.38000000,16782.86000000,16800.89000000,0.64451000,1672865999999,10826.90788261,81,0.45594100,7660.44069983,0
1672866000000,16791.15000000,16822.10000000,16791.15000000,16820.02000000,0.03287900,1672869599999,552.97926824,6,0.03139800,528.11157509,0
1672869600000,16816.13000000,16837.98000000,16816.13000000,16832.88000000,0.33825200,1672873199999,5691.85370514,39,0.18269200,3074.64427490,0
1672873200000,16821.75000000,16861.61000000,16817.59000000,16847.90000000,0.40003800,1672876799999,6742.36430850,46,0.34070800,5743.01097820,0
1672876800000,16849.16000000,16867.41000000,16827.84000000,16827.84000000,0.87841500,1672880399999,14793.53920648,30,0.81677500,13753.93910728,0
1672880400000,16827.46000000,16847.59000000,16810.68000000,16835.79000000,0.69481500,1672883999999,11696.80251083,60,0.39995500,6733.94906600,0
1672884000000,16826.19000000,16841.58000000,16819.82000000,16841.58000000,0.21174200,1672887599999,3562.20721088,64,0.00367800,61.92842384,0
1672887600000,16819.86000000,16820.67000000,16817.64000000,16817.64000000,0.04478200,1672891199999,753.20063780,10,0.00000000,0.00000000,0
1672891200000,16819.50000000,16841.92000000,16819.49000000,16841.92000000,0.47470200,1672894799999,7986.59502956,142,0.00970000,163.36568627,0
1672894800000,16841.87000000,16842.00000000,16841.87000000,16842.00000000,0.00645000,1672898399999,108.63080081,3,0.00645000,108.63080081,0
1672898400000,16842.00000000,16842.00000000,16842.00000000,16842.00000000,0.00000000,1672901999999,0.00000000,0,0.00000000,0.00000000,0
1672902000000,16817.31000000,16823.32000000,16786.47000000,16823.32000000,0.04782500,1672905599999,803.12804624,9,0.00822800,138.31462067,0
1672905600000,16816.16000000,16816.16000000,16816.16000000,16816.16000000,0.00414200,1672909199999,69.65253472,1,0.00414200,69.65253472,0
1672909200000,16798.00000000,16798.00000000,16779.92000000,16779.92000000,0.16716400,1672912799999,2806.47967929,6,0.14784300,2481.94698225,0
1672912800000,16809.56000000,16809.57000000,16809.56000000,16809.57000000,0.00119300,1672916399999,20.05380511,2,0.00119300,20.05380511,0
1672916400000,16824.20000000,16824.20000000,16824.20000000,16824.20000000,0.00600000,1672919999999,100.94520000,1,0.00000000,0.00000000,0
1672920000000,16831.79000000,16831.79000000,16817.49000000,16825.27000000,0.27208100,1672923599999,4576.15757728,9,0.00196100,33.00017031,0
1672923600000,16824.95000000,16825.17000000,16779.97000000,16779.98000000,2.04443100,1672927199999,34346.96877272,48,0.85056900,14287.67730286,0
1672927200000,16771.55000000,16820.01000000,16762.19000000,16816.57000000,2.21003500,1672930799999,37077.55305553,85,0.98895200,16592.16403422,0
1672930800000,16826.22000000,16866.82000000,16826.22000000,16866.82000000,0.62090900,1672934399999,10463.65926433,35,0.14871300,2506.11400240,0
1672934400000,16835.92000000,16835.92000000,16828.53000000,16828.93000000,0.29825900,1672937999999,5020.20475860,11,0.00600000,101.00608812,0
1672938000000,16825.13000000,16827.99000000,16816.48000000,16816.48000000,0.02968500,1672941599999,499.41055207,4,0.00896500,150.79385847,0
1672941600000,16802.94000000,16836.26000000,16800.00000000,16836.26000000,3.02164600,1672945199999,50823.76226519,67,2.70969800,45574.44071755,0
1672945200000,16841.42000000,16862.08000000,16825.38000000,16862.08000000,0.21422100,1672948799999,3608.37683205,15,0.09904800,1670.07080226,0
1672948800000,16868.32000000,16868.33000000,16842.11000000,16847.50000000,0.30300700,1672952399999,5106.68064148,34,0.26046700,4390.15988208,0
1672952400000,16853.00000000,16853.00000000,16826.75000000,16835.76000000,1.25809300,1672955999999,21174.72814230,40,0.04468200,752.79831000,0
1672956000000,16840.00000000,16840.03000000,16823.09000000,16823.09000000,0.70978400,1672959599999,11943.07666925,12,0.00089900,15.13916000,0
1672959600000,16835.02000000,16835.04000000,16818.86000000,16820.11000000,0.74729100,1672963199999,12575.23332145,34,0.58113900,9780.38090901,0
1672963200000,16820.77000000,16858.01000000,16820.77000000,16858.01000000,0.74874500,1672966799999,12603.54276721,31,0.58087600,9779.15589811,0
1672966800000,16855.55000000,16855.55000000,16821.07000000,16821.07000000,0.23618700,1672970399999,3976.70970496,11,0.00188200,31.72214510,0
1672970400000,16800.91000000,16831.60000000,16799.01000000,16831.60000000,0.13286300,1672973999999,2234.05810540,24,0.06929700,1165.63364259,0
1672974000000,16828.17000000,16831.85000000,16817.59000000,16827.02000000,0.09748800,1672977599999,1640.72299656,17,0.05841900,983.29603146,0
1672977600000,16821.74000000,16821.74000000,16804.07000000,16817.50000000,0.55501500,1672981199999,9334.26471220,32,0.05919000,995.45642630,0
1672981200000,16816.00000000,16816.00000000,16791.40000000,16798.46000000,0.03446000,1672984799999,578.80340130,4,0.00119000,19.99016740,0
1672984800000,16804.20000000,16805.06000000,16779.10000000,16795.98000000,0.18708000,1672988399999,3141.02383670,33,0.11188900,1878.82763448,0
1672988400000,16777.38000000,16792.11000000,16777.35000000,16788.18000000,0.01860100,1672991999999,312.17749110,8,0.00718800,120.65536668,0
1672992000000,16794.57000000,16794.57000000,16794.57000000,16794.57000000,0.00385700,1672995599999,64.77665649,1,0.00000000,0.00000000,0
1672995600000,16777.35000000,16781.07000000,16758.92000000,16781.07000000,0.06707500,1672999199999,1124.78429390,17,0.00060800,10.20289056,0
1672999200000,16779.77000000,16779.78000000,16767.01000000,16767.02000000,0.00878900,1673002799999,147.39735836,5,0.00742700,124.54330564,0
1673002800000,16750.00000000,16750.00000000,16720.05000000,16736.75000000,2.55228200,1673006399999,42698.67498044,70,1.87392000,31352.02125649,0
1673006400000,16735.39000000,16738.53000000,16713.57000000,16713.57000000,0.09695600,1673009999999,1621.61723784,13,0.05695600,952.98228784,0
1673010000000,16712.41000000,16800.00000000,16685.05000000,16759.45000000,5.19639500,1673013599999,87008.51371208,152,3.03864500,50855.88630791,0
1673013600000,16754.59000000,16771.87000000,16715.34000000,16715.34000000,1.83426200,1673017199999,30673.98075366,15,0.02459100,412.30859466,0
1673017200000,16746.84000000,16833.24000000,16746.84000000,16833.22000000,0.78448400,1673020799999,13174.72997147,30,0.22524700,3774.34406471,0
1673020800000,16830.45000000,16830.51000000,16807.53000000,16809.20000000,0.40501000,1673024399999,6810.57720562,12,0.18328900,3080.92284292,0
1673024400000,16808.25000000,16811.94000000,16808.25000000,16811.94000000,0.00707700,1673027999999,118.97412525,2,0.00600000,100.87164000,0
1673028000000,16825.00000000,16851.73000000,16825.00000000,16847.49000000,0.17913300,1673031599999,3014.86240727,14,0.12955700,2180.43717421,0
1673031600000,16861.36000000,16950.00000000,16855.30000000,16950.00000000,2.43409300,1673035199999,41144.57390381,76,0.96127900,16227.64814181,0
1673035200000,16955.38000000,17014.65000000,16888.12000000,16888.12000000,1.80337300,1673038799999,30632.19679739,69,0.87786000,14915.76740919,0
1673038800000,16883.89000000,16934.20000000,16883.89000000,16912.61000000,0.50576800,1673042399999,8557.64160260,19,0.05125000,866.28438250,0
1673042400000,16935.33000000,16959.24000000,16935.33000000,16950.54000000,1.61662100,1673045999999,27403.61100277,57,1.57315300,26667.01517384,0
1673046000000,16950.54000000,16972.39000000,16946.31000000,16948.20000000,0.54370300,1673049599999,9216.21203209,35,0.29128900,4938.14401755,0
1673049600000,16933.24000000,16972.19000000,16933.24000000,16972.19000000,0.25253200,1673053199999,4277.81876751,17,0.02536400,429.80333889,0
1673053200000,16967.82000000,16973.12000000,16941.85000000,16941.85000000,1.48581000,1673056799999,25178.92844892,14,0.00979600,166.03978944,0
1673056800000,16946.14000000,16946.14000000,16928.24000000,16928.24000000,0.03146300,1673060399999,532.82406844,8,0.01146300,194.25156844,0
1673060400000,16930.88000000,16950.76000000,16930.88000000,16935.53000000,0.01404900,1673063999999,237.95182240,6,0.00453800,76.89483272,0
1673064000000,16939.94000000,16939.94000000,16935.00000000,16935.00000000,0.01199800,1673067599999,203.20099954,3,0.00000000,0.00000000,0
1673067600000,16936.69000000,16936.69000000,16932.00000000,16935.31000000,0.44870800,1673071199999,7597.75131566,8,0.03601600,609.97800496,0
1673071200000,16925.73000000,16932.01000000,16924.50000000,16932.01000000,0.03686900,1673074799999,624.04234091,10,0.02107000,356.64011264,0
1673074800000,16932.63000000,16942.91000000,16932.63000000,16942.91000000,0.01695000,1673078399999,287.07762814,6,0.01695000,287.07762814,0
1673078400000,16939.72000000,16939.72000000,16925.69000000,16931.06000000,0.37189100,1673081999999,6298.98729634,17,0.33886200,5739.89978179,0
1673082000000,16927.90000000,16927.90000000,16927.87000000,16927.87000000,0.00677100,1673085599999,114.61878777,2,0.00677100,114.61878777,0
1673085600000,16914.90000000,16914.90000000,16914.90000000,16914.90000000,0.04723700,1673089199999,799.00913130,2,0.04723700,799.00913130,0
1673089200000,16909.50000000,16909.50000000,16909.50000000,16909.50000000,0.00600000,1673092799999,101.45700000,1,0.00600000,101.45700000,0
1673092800000,16915.33000000,16915.33000000,16911.74000000,16911.74000000,0.01854800,1673096399999,313.68399373,3,0.01854800,313.68399373,0
1673096400000,16921.33000000,16928.30000000,16916.37000000,16920.44000000,0.16414000,1673099999999,2778.08905155,10,0.12036600,2037.41760122,0
1673100000000,16918.56000000,16931.96000000,16918.32000000,16918.32000000,1.18400000,1673103599999,20039.05404043,23,0.17800000,3012.93814124,0
1673103600000,16936.07000000,16936.07000000,16929.14000000,16929.14000000,0.03806200,1673107199999,644.53710668,3,0.02600000,440.33782000,0
1673107200000,16929.09000000,16929.09000000,16910.33000000,16910.33000000,0.10369600,1673110799999,1754.51027639,6,0.10180900,1722.60048368,0
1673110800000,16920.64000000,16929.09000000,16915.02000000,16928.63000000,0.11328000,1673114399999,1916.91424927,13,0.10942600,1851.72326891,0
1673114400000,16929.09000000,16932.22000000,16928.48000000,16932.22000000,0.01455600,1673117999999,246.43370545,4,0.00744300,126.02142721,0
1673118000000,16932.22000000,16937.08000000,16932.22000000,16937.08000000,0.03554700,1673121599999,601.99453230,3,0.02197700,372.15835670,0
1673121600000,16945.71000000,16945.80000000,16945.71000000,16945.80000000,0.12628200,1673125199999,2139.94185567,5,0.12628200,2139.94185567,0
1673125200000,16943.06000000,16943.06000000,16931.02000000,16931.02000000,0.03416000,1673128799999,578.46082566,6,0.00121600,20.60276096,0
1673128800000,16930.50000000,16933.69000000,16915.90000000,16933.69000000,0.65953800,1673132399999,11161.21885903,15,0.02224200,376.63574272,0
1673132400000,16936.33000000,16943.40000000,16936.33000000,16937.71000000,0.31730300,1673135999999,5374.75929297,16,0.31622400,5356.48350388,0
1673136000000,16950.46000000,16950.46000000,16913.96000000,16921.15000000,0.15109400,1673139599999,2557.96412844,17,0.05210800,882.41220102,0
1673139600000,16921.67000000,16924.77000000,16919.03000000,16924.77000000,0.14605000,1673143199999,2471.31445661,24,0.10285800,1740.54733418,0
1673143200000,16927.73000000,16927.73000000,16914.23000000,16914.23000000,0.00671700,1673146799999,113.69330241,2,0.00595700,100.83848761,0
1673146800000,16928.43000000,16937.80000000,16928.43000000,16937.80000000,0.06140400,1673150399999,1040.03784885,3,0.06140400,1040.03784885,0
1673150400000,16941.17000000,16941.17000000,16931.88000000,16931.88000000,0.00867100,1673153999999,146.87114248,2,0.00590000,99.95290300,0
1673154000000,16935.49000000,16941.40000000,16935.49000000,16940.00000000,0.21465700,1673157599999,3636.18991713,16,0.20391400,3454.20349713,0
1673157600000,16941.14000000,16941.14000000,16930.28000000,16930.28000000,0.07188000,1673161199999,1217.24502850,8,0.00437900,74.18211263,0
1673161200000,16949.37000000,16950.00000000,16940.23000000,16950.00000000,0.10965300,1673164799999,1858.36494470,11,0.10276800,1741.70302115,0
1673164800000,16953.32000000,16967.47000000,16941.98000000,16943.90000000,1.62796500,1673168399999,27606.73066582,31,1.50909000,25592.69130916,0
1673168400000,16939.89000000,16959.90000000,16929.52000000,16929.53000000,0.14813200,1673171999999,2510.76065712,22,0.08045900,1363.90601653,0
1673172000000,16927.23000000,16927.23000000,16927.23000000,16927.23000000,0.00117800,1673175599999,19.94027694,1,0.00000000,0.00000000,0
1673175600000,16931.56000000,16941.07000000,16931.49000000,16941.07000000,0.03719100,1673179199999,629.75768556,8,0.00708400,119.99982554,0
1673179200000,16929.93000000,16929.93000000,16918.12000000,16918.12000000,0.00206500,1673182799999,34.94636965,2,0.00088500,14.98298805,0
1673182800000,16914.91000000,16936.47000000,16914.91000000,16936.47000000,0.00249500,1673186399999,42.23079821,3,0.00131200,22.22045968,0
1673186400000,16925.53000000,16949.56000000,16925.53000000,16949.56000000,0.00314000,1673189999999,53.19326300,2,0.00196000,33.22113760,0
1673190000000,16941.40000000,17014.00000000,16941.34000000,16999.36000000,2.43383500,1673193599999,41373.43692918,47,1.79257700,30478.80927928,0
1673193600000,16987.19000000,16987.20000000,16931.79000000,16931.79000000,0.38652000,1673197199999,6555.28205986,27,0.08173100,1386.27387431,0
1673197200000,16930.28000000,16944.42000000,16921.13000000,16923.62000000,0.18615800,1673200799999,3151.53172752,17,0.12083200,2046.03576688,0
1673200800000,16930.95000000,16934.48000000,16925.87000000,16925.87000000,0.01050300,1673204399999,177.82104045,3,0.00609800,103.26258310,0
1673204400000,16921.88000000,16935.83000000,16921.88000000,16931.52000000,0.08690300,1673207999999,1471.45403346,10,0.07779400,1317.26509827,0
1673208000000,16922.86000000,16984.61000000,16920.57000000,16966.14000000,0.28375700,1673211599999,4812.35050132,23,0.19040600,3232.46062427,0
1673211600000,16966.12000000,16980.73000000,16955.80000000,16955.80000000,0.59121500,1673215199999,10036.16769232,19,0.56082700,9520.89813432,0
1673215200000,16955.50000000,16960.50000000,16948.52000000,16960.50000000,0.31015400,1673218799999,5258.60243323,19,0.27008500,4579.41306914,0
1673218800000,16985.29000000,17154.87000000,16985.29000000,17128.14000000,4.28703500,1673222399999,73224.51745416,156,2.19752100,37532.18852356,0
1673222400000,17131.72000000,17190.25000000,17102.21000000,17140.03000000,1.13086700,1673225999999,19388.70451464,42,0.76168300,13059.83760118,0
1673226000000,17168.73000000,17201.65000000,17150.74000000,17182.57000000,1.02070800,1673229599999,17538.35783116,39,0.64947500,11163.96966808,0
1673229600000,17178.45000000,17244.21000000,17162.82000000,17184.52000000,4.92975200,1673233199999,84801.55578435,157,2.51948000,43356.58587172,0
1673233200000,17185.51000000,17211.69000000,17178.91000000,17194.43000000,1.42214900,1673236799999,24451.86571032,56,0.93331700,16046.72307257,0
1673236800000,17210.83000000,17244.18000000,17197.02000000,17230.06000000,0.65116700,1673240399999,11217.20044082,35,0.15813400,2724.47649845,0
1673240400000,17237.77000000,17250.00000000,17204.85000000,17204.85000000,0.26955600,1673243999999,4645.94232628,20,0.18069800,3114.72181601,0
1673244000000,17201.04000000,17207.29000000,17189.00000000,17192.92000000,1.04902600,1673247599999,18038.00988120,16,0.03406000,585.99298870,0
1673247600000,17188.47000000,17211.88000000,17186.30000000,17190.59000000,1.09199300,1673251199999,18778.52128931,38,0.06097500,1048.61997040,0
1673251200000,17187.46000000,17228.73000000,17187.44000000,17228.73000000,0.17481100,1673254799999,3010.85077603,6,0.00000000,0.00000000,0
1673254800000,17199.62000000,17256.31000000,17199.17000000,17253.43000000,1.89804800,1673258399999,32707.22994704,30,1.09603100,18879.68696374,0
1673258400000,17250.00000000,17275.21000000,17247.83000000,17253.66000000,0.40608700,1673261999999,7013.32390701,13,0.07846800,1354.97173331,0
1673262000000,17259.89000000,17259.89000000,17253.66000000,17253.66000000,0.67113400,1673265599999,11580.82129720,6,0.34934900,6027.54886734,0
1673265600000,17244.87000000,17247.04000000,17243.58000000,17243.58000000,0.02145300,1673269199999,369.96012951,8,0.01032600,178.09081485,0
1673269200000,17285.61000000,17285.62000000,17189.52000000,17213.25000000,2.36542800,1673272799999,40699.18130747,78,1.38963300,23915.69382494,0
1673272800000,17212.03000000,17268.75000000,17211.70000000,17264.04000000,2.19962800,1673276399999,37935.79883546,60,1.39486800,24048.03927341,0
1673276400000,17274.03000000,17323.79000000,17231.57000000,17267.06000000,9.51378300,1673279999999,164499.33180342,211,5.94926700,102827.95861819,0
1673280000000,17276.30000000,17363.13000000,17274.65000000,17324.63000000,6.69896100,1673283599999,116130.71281920,120,3.88846900,67409.40289054,0
1673283600000,17328.76000000,17367.18000000,17314.93000000,17334.86000000,1.39972100,1673287199999,24261.40116208,36,1.22474800,21223.78284982,0
1673287200000,17368.00000000,17401.33000000,17323.25000000,17349.63000000,5.47326600,1673290799999,95096.54719127,127,2.92826300,50892.22615658,0
1673290800000,17344.05000000,17350.44000000,17294.37000000,17294.37000000,5.88990600,1673294399999,102008.96124474,76,0.65548000,11352.81116643,0
1673294400000,17294.37000000,17307.56000000,17180.50000000,17203.28000000,13.78777200,1673297999999,237651.01802200,345,7.78044200,134125.27288453,0
1673298000000,17217.04000000,17245.62000000,17164.54000000,17173.16000000,3.62654100,1673301599999,62371.50888178,100,1.47903000,25443.41175678,0
1673301600000,17188.64000000,17209.59000000,17188.46000000,17199.46000000,1.22312100,1673305199999,21037.01114035,70,0.74996900,12897.04148153,0
1673305200000,17196.78000000,17196.95000000,17133.56000000,17184.96000000,5.75813700,1673308799999,98779.93261061,198,2.91317000,49986.73652052,0
1673308800000,17184.98000000,17211.98000000,17177.64000000,17211.98000000,1.00917300,1673312399999,17358.79769949,65,0.34353900,5908.74707233,0
1673312400000,17203.83000000,17224.44000000,17190.80000000,17195.12000000,0.28346100,1673315999999,4878.50088415,21,0.15428400,2653.75398701,0
1673316000000,17195.10000000,17195.11000000,17145.30000000,17175.15000000,0.94116600,1673319599999,16162.88067905,46,0.21555100,3700.48904051,0
1673319600000,17182.55000000,17201.86000000,17176.42000000,17201.86000000,0.79549800,1673323199999,13676.50782486,29,0.72469800,12460.16214886,0
1673323200000,17206.30000000,17216.59000000,17195.87000000,17216.58000000,0.41835600,1673326799999,7201.80727300,31,0.19778100,3404.73346655,0
1673326800000,17220.08000000,17229.43000000,17204.25000000,17217.33000000,0.36826300,1673330399999,6340.06910115,58,0.22416600,3859.27713555,0
1673330400000,17229.43000000,17229.43000000,17188.26000000,17195.21000000,0.10432200,1673333999999,1795.08924909,27,0.02138500,367.96957402,0
1673334000000,17199.98000000,17206.38000000,17199.98000000,17206.35000000,0.05866900,1673337599999,1009.47225704,7,0.05866900,1009.47225704,0
1673337600000,17200.38000000,17258.50000000,17200.38000000,17244.60000000,1.05162100,1673341199999,18129.73768591,62,0.65995100,11378.12220718,0
1673341200000,17254.07000000,17262.89000000,17248.45000000,17258.46000000,0.15595400,1673344799999,2690.90881887,16,0.10595400,1828.48531887,0
1673344800000,17247.71000000,17267.76000000,17247.71000000,17267.76000000,0.11378600,1673348399999,1963.92503978,13,0.10706000,1847.79111020,0
1673348400000,17269.33000000,17279.50000000,17256.10000000,17256.10000000,0.15207000,1673351999999,2625.38257934,16,0.11207000,1934.87147934,0
1673352000000,17256.12000000,17256.12000000,17219.66000000,17225.45000000,0.55422400,1673355599999,9554.35510710,52,0.20123800,3470.66173208,0
1673355600000,17227.53000000,17242.29000000,17211.79000000,17234.93000000,0.60020400,1673359199999,10341.79417926,70,0.22121400,3812.47333216,0
1673359200000,17251.80000000,17311.42000000,17218.76000000,17282.16000000,2.82590400,1673362799999,48815.15941094,286,1.69249200,29248.00276483,0
1673362800000,17278.90000000,17357.49000000,17272.14000000,17327.96000000,2.62938500,1673366399999,45546.50629008,237,1.02445800,17730.20698871,0
1673366400000,17327.96000000,17337.98000000,17284.55000000,17317.81000000,0.99356500,1673369999999,17211.15168652,44,0.77524300,13430.77706285,0
1673370000000,17306.11000000,17335.51000000,17303.71000000,17335.51000000,0.12817200,1673373599999,2220.01910936,17,0.12257000,2123.02625916,0
1673373600000,17335.91000000,17430.25000000,17335.91000000,17428.44000000,3.55321700,1673377199999,61825.93173468,136,3.26253000,56766.56083369,0
1673377200000,17434.27000000,17450.00000000,17400.00000000,17419.26000000,0.86228700,1673380799999,15027.83343670,39,0.08684300,1514.09202217,0
1673380800000,17418.22000000,17484.28000000,17417.59000000,17481.50000000,3.05265400,1673384399999,53307.60049338,61,1.76450300,30821.47979588,0
1673384400000,17468.39000000,17486.38000000,17449.02000000,17467.92000000,0.23333700,1673387999999,4078.87213867,14,0.10285000,1797.56832372,0
1673388000000,17459.13000000,17459.13000000,17435.83000000,17440.01000000,0.01458200,1673391599999,254.42371626,4,0.01311200,228.79304616,0
1673391600000,17419.29000000,17446.51000000,17406.23000000,17446.51000000,0.89349600,1673395199999,15567.20988122,39,0.44059000,7676.54059944,0
1673395200000,17434.39000000,17491.56000000,17430.69000000,17489.00000000,0.64877400,1673398799999,11340.10761424,41,0.24807000,4335.92229579,0
1673398800000,17461.90000000,17500.57000000,17444.04000000,17452.11000000,1.58730300,1673402399999,27736.32663647,94,0.28717500,5019.26170921,0
1673402400000,17452.15000000,17459.27000000,17386.90000000,17390.86000000,1.68091800,1673405999999,29250.67617946,104,0.53169100,9261.37301666,0
1673406000000,17386.28000000,17424.77000000,17373.62000000,17420.78000000,1.20930300,1673409599999,21042.68879356,69,0.72641600,12638.39126093,0
1673409600000,17402.95000000,17419.70000000,17402.94000000,17415.77000000,0.05946900,1673413199999,1035.58675882,8,0.05694800,991.71393560,0
1673413200000,17406.12000000,17436.96000000,17404.54000000,17404.54000000,1.16484700,1673416799999,20290.31719815,59,0.40886800,7126.86277192,0
1673416800000,17400.95000000,17438.23000000,17390.99000000,17438.23000000,3.03979000,1673420399999,52969.05406427,97,1.71535800,29893.23910373,0
1673420400000,17434.93000000,17461.85000000,17434.66000000,17442.15000000,1.20510900,1673423999999,21023.55175990,41,0.39139200,6830.44861073,0
1673424000000,17451.25000000,17451.25000000,17413.41000000,17422.59000000,0.65167300,1673427599999,11354.19879396,18,0.09804500,1709.72689205,0
1673427600000,17456.89000000,17468.00000000,17445.43000000,17445.43000000,1.54900500,1673431199999,27054.36414674,67,1.21959900,21303.28552905,0
1673431200000,17460.10000000,17460.10000000,17446.05000000,17446.05000000,0.11939500,1673434799999,2083.56132895,8,0.02600000,453.96260000,0
1673434800000,17434.81000000,17450.00000000,17434.80000000,17439.10000000,0.09420000,1673438399999,1642.72257300,7,0.06450000,1124.73714000,0
1673438400000,17438.72000000,17438.72000000,17404.94000000,17416.81000000,1.19282300,1673441999999,20769.37253359,67,0.01010100,176.02732729,0
1673442000000,17415.37000000,17417.64000000,17387.98000000,17410.00000000,3.16052400,1673445599999,55000.74513071,105,2.13356300,37129.68603981,0
1673445600000,17404.60000000,17433.98000000,17386.02000000,17433.98000000,0.84191500,1673449199999,14643.51266282,62,0.25874600,4500.33182825,0
1673449200000,17406.07000000,17406.07000000,17318.45000000,17320.10000000,0.50162700,1673452799999,8702.26485231,43,0.26992000,4677.52259230,0
1673452800000,17331.82000000,17367.41000000,17331.82000000,17349.81000000,1.33903000,1673456399999,23236.92397964,29,0.60487000,10504.18159293,0
1673456400000,17340.84000000,17384.61000000,17340.80000000,17377.71000000,1.17350300,1673459999999,20365.55302824,46,0.10528400,1829.26370894,0
1673460000000,17389.48000000,17524.06000000,17389.48000000,17474.84000000,5.23418800,1673463599999,91461.36430706,171,3.61068400,63084.09357947,0
1673463600000,17489.60000000,17550.00000000,17467.16000000,17544.04000000,2.80454800,1673467199999,49096.68956584,48,0.21967600,3850.95578489,0
1673467200000,17546.68000000,17571.97000000,17513.45000000,17554.00000000,4.26991600,1673470799999,74887.01990330,166,3.34005800,58575.39912941,0
1673470800000,17546.84000000,17570.47000000,17528.77000000,17559.76000000,2.36894200,1673474399999,41592.49455022,74,1.85838500,32629.89737234,0
1673474400000,17562.33000000,17591.04000000,17525.47000000,17551.51000000,0.86744000,1673477999999,15219.05702174,53,0.76547000,13431.34042124,0
1673478000000,17570.64000000,17995.58000000,17559.17000000,17933.72000000,62.65326200,1673481599999,1117606.48167196,1116,32.55747800,580056.09190854,0
1673481600000,17953.49000000,18264.05000000,17913.34000000,18245.96000000,37.39423800,1673485199999,676772.24809789,669,18.73110900,338819.95194465,0
1673485200000,18259.02000000,18282.82000000,18150.00000000,18246.38000000,26.48408600,1673488799999,482431.69929678,470,13.95790400,254194.38218738,0
1673488800000,18257.79000000,18300.00000000,18197.91000000,18197.91000000,17.69377200,1673492399999,323451.82302546,273,11.31276300,206964.24761955,0
1673492400000,18198.79000000,18227.18000000,18198.79000000,18223.62000000,0.88586100,1673495999999,16135.14622727,27,0.00826800,150.64176592,0
1673496000000,18215.40000000,18226.13000000,18201.97000000,18207.55000000,0.16558400,1673499599999,3015.76588772,11,0.16169500,2944.92619712,0
1673499600000,18222.68000000,18230.00000000,18083.16000000,18083.16000000,2.87493500,1673503199999,52085.75497222,79,1.41130200,25550.70239285,0
1673503200000,18098.56000000,18161.68000000,18087.74000000,18143.28000000,3.29262300,1673506799999,59647.58710272,102,0.68997400,12507.39719428,0
1673506800000,18137.71000000,18174.28000000,18119.70000000,18142.87000000,3.61717700,1673510399999,65640.39664788,115,1.62059500,29417.80141964,0
1673510400000,18132.69000000,18142.87000000,18071.60000000,18142.87000000,1.77084300,1673513999999,32057.15995856,107,1.13265600,20511.70241634,0
1673514000000,18151.14000000,18173.59000000,18131.28000000,18160.96000000,2.98493200,1673517599999,54184.63495005,120,1.71487400,31124.51771992,0
1673517600000,18154.65000000,18204.56000000,18143.48000000,18190.04000000,1.58464100,1673521199999,28793.14653662,68,0.42248900,7677.16646099,0
1673521200000,18175.52000000,18218.86000000,18159.55000000,18187.87000000,2.55916800,1673524799999,46533.58277945,102,0.85659300,15594.53143074,0
1673524800000,18201.72000000,18276.15000000,18173.71000000,18272.53000000,17.84980400,1673528399999,325227.48325086,458,8.63673900,157301.28007533,0
1673528400000,18259.72000000,18347.19000000,17916.38000000,18288.24000000,122.67688300,1673531999999,2231909.99803187,2112,57.82445700,1052343.70232064,0
1673532000000,18278.08000000,18350.00000000,17935.84000000,18011.43000000,44.77407000,1673535599999,812406.44024600,935,21.76207000,395068.82304601,0
1673535600000,18001.75000000,18133.61000000,18001.75000000,18097.07000000,7.68631200,1673539199999,139068.25320609,200,3.27170200,59199.74444544,0
1673539200000,18075.40000000,18142.66000000,18058.32000000,18125.84000000,1.85701000,1673542799999,33648.65519411,104,1.63450000,29621.39535129,0
1673542800000,18135.70000000,18836.91000000,18130.59000000,18836.32000000,52.51705600,1673546399999,978874.49891893,1224,23.54756100,438947.10227439,0
1673546400000,18814.65000000,18956.50000000,18620.77000000,18807.03000000,55.82800200,1673549999999,1048887.53530520,1250,28.45669300,534548.86529594,0
1673550000000,18801.40000000,19029.61000000,18767.00000000,18882.69000000,20.60083700,1673553599999,389179.78089289,435,12.08831800,228415.90310023,0
1673553600000,18888.26000000,19067.70000000,18822.38000000,19067.70000000,16.54797600,1673557199999,313684.23373849,708,10.06227200,190650.72435000,0
1673557200000,19052.80000000,19103.70000000,18767.48000000,18816.72000000,21.45306100,1673560799999,405194.78777956,606,9.78999500,185068.18928912,0
1673560800000,18840.02000000,18932.33000000,18789.49000000,18916.65000000,3.34517500,1673564399999,63031.09147543,175,1.13332000,21376.79276326,0
1673564400000,18916.65000000,18916.65000000,18853.88000000,18853.88000000,3.19933700,1673567999999,60415.68369846,73,0.77412500,14618.86453927,0
1673568000000,18853.92000000,18892.68000000,18723.92000000,18782.55000000,2.52910100,1673571599999,47544.26120243,134,1.08876200,20463.69064484,0
1673571600000,18784.88000000,18816.17000000,18744.40000000,18810.88000000,0.73676000,1673575199999,13835.09934896,58,0.03615700,679.62970514,0
1673575200000,18817.50000000,18841.05000000,18795.46000000,18841.05000000,0.87870700,1673578799999,16528.92094771,69,0.23400600,4400.95801900,0
1673578800000,18841.41000000,18866.90000000,18827.72000000,18866.90000000,0.23013600,1673582399999,4336.52504775,33,0.13083300,2465.11196385,0
1673582400000,18870.83000000,18879.69000000,18823.01000000,18823.01000000,0.78440300,1673585999999,14774.28847824,37,0.01181900,222.95271206,0
1673586000000,18815.31000000,18835.65000000,18783.30000000,18783.30000000,1.42145500,1673589599999,26736.61996500,47,0.24902300,4683.29009956,0
1673589600000,18814.83000000,18858.18000000,18790.88000000,18858.18000000,1.36682900,1673593199999,25719.15794358,82,1.15700500,21771.64914887,0
1673593200000,18858.62000000,18858.62000000,18787.92000000,18825.38000000,1.22044600,1673596799999,22963.07570449,59,0.22287800,4195.28791910,0
1673596800000,18815.84000000,18847.09000000,18815.84000000,18832.69000000,0.19741000,1673600399999,3717.60247650,19,0.11150700,2099.89243427,0
1673600400000,18847.11000000,18928.95000000,18847.11000000,18911.94000000,1.33318600,1673603999999,25180.50975193,86,1.08063700,20403.82730387,0
1673604000000,18913.86000000,19050.00000000,18867.81000000,19036.81000000,15.60315100,1673607599999,296497.56915286,384,6.28828100,119485.85243091,0
1673607600000,19036.13000000,19040.32000000,18900.00000000,18926.37000000,2.93908500,1673611199999,55764.68764079,134,0.39377000,7460.68333960,0
1673611200000,18921.10000000,18934.09000000,18816.33000000,18850.78000000,1.73810700,1673614799999,32805.62987185,105,1.02977600,19444.05993877,0
1673614800000,18869.86000000,18900.00000000,18821.51000000,18853.81000000,1.24773600,1673618399999,23548.58647186,78,0.15285700,2883.41765914,0
1673618400000,18848.25000000,19133.67000000,18848.25000000,18995.43000000,11.88275200,1673621999999,226443.10355237,290,6.39093500,121727.95830694,0
1673622000000,19002.08000000,19305.57000000,19002.08000000,19259.64000000,38.98739700,1673625599999,746628.63934802,738,19.70824500,377255.10945093,0
1673625600000,19238.00000000,19238.00000000,19066.85000000,19117.30000000,6.23463700,1673629199999,119315.69878044,171,3.38178000,64729.04137595,0
1673629200000,19117.03000000,19392.64000000,19117.03000000,19254.87000000,15.96562600,1673632799999,308298.21182972,449,7.61188100,146961.75792758,0
1673632800000,19286.99000000,19378.74000000,19268.74000000,19301.07000000,3.50985600,1673636399999,67779.57166396,191,2.77430900,53574.61922180,0
1673636400000,19298.76000000,19361.95000000,19250.00000000,19350.21000000,5.67586200,1673639999999,109436.01096949,169,3.85141100,74256.70289530,0
1673640000000,19357.83000000,19489.89000000,19331.90000000,19476.77000000,8.43228900,1673643599999,163849.91919908,265,4.27497900,83047.47292219,0
1673643600000,19470.65000000,19905.34000000,19381.13000000,19817.24000000,66.07861700,1673647199999,1305390.57766789,1164,32.59023500,643626.97080224,0
1673647200000,19821.18000000,19986.45000000,19794.63000000,19866.36000000,26.59915000,1673650799999,529079.88574589,632,13.42774400,267102.52124934,0
1673650800000,19871.95000000,19938.81000000,19742.95000000,19936.45000000,7.13164500,1673654399999,141432.29352552,217,2.73724300,54318.15589590,0
1673654400000,19929.95000000,21230.77000000,19897.00000000,20905.38000000,259.77994100,1673657999999,5379396.93495717,5090,129.36692100,2675452.53452487,0
1673658000000,20896.29000000,21070.95000000,20700.00000000,20933.33000000,88.93356200,1673661599999,1860284.79232391,1840,43.93199100,918952.30071026,0
1673661600000,20937.49000000,21029.24000000,20833.71000000,20943.73000000,22.70173800,1673665199999,475493.00933012,449,9.34764000,195799.26077474,0
1673665200000,20943.13000000,20992.14000000,20787.52000000,20967.03000000,9.17979700,1673668799999,191953.25383273,331,2.08469400,43538.77326647,0
1673668800000,20962.76000000,21007.30000000,20880.15000000,20884.73000000,6.21821200,1673672399999,130255.21247261,222,3.10088500,65002.70904427,0
1673672400000,20890.51000000,20906.06000000,20785.66000000,20838.08000000,15.05226200,1673675999999,314135.50794291,546,9.03774000,188687.93657121,0
1673676000000,20863.84000000,20972.11000000,20860.51000000,20959.54000000,3.46168100,1673679599999,72433.47340989,155,1.94833100,40772.38223634,0
1673679600000,20967.04000000,20967.04000000,20862.35000000,20905.63000000,0.87593300,1673683199999,18331.58522544,79,0.58314500,12204.23589182,0
1673683200000,20904.02000000,21027.00000000,20904.02000000,21011.13000000,3.53242900,1673686799999,74168.54895974,146,3.43304700,72086.66799304,0
1673686800000,21011.10000000,21011.10000000,20302.19000000,20549.63000000,24.96593700,1673690399999,513250.67940305,846,10.97675700,225681.99649371,0
1673690400000,20518.99000000,20521.36000000,20244.09000000,20516.44000000,5.72936300,1673693999999,116665.71838806,253,1.37419000,27966.43634545,0
1673694000000,20494.41000000,20736.05000000,20487.38000000,20718.87000000,2.95753700,1673697599999,61049.25703620,167,1.45366600,29997.90744690,0
1673697600000,20739.33000000,20950.00000000,20600.00000000,20916.08000000,6.01577300,1673701199999,125303.70951194,229,3.01794000,62767.92717373,0
1673701200000,20887.39000000,20973.10000000,20792.77000000,20926.03000000,2.51711400,1673704799999,52647.28868646,85,0.90016600,18827.54442068,0
1673704800000,20933.60000000,21181.70000000,20587.51000000,20799.23000000,20.32241100,1673708399999,422697.12815522,736,8.79526900,182911.96390931,0
1673708400000,20850.00000000,20885.54000000,20657.89000000,20797.66000000,7.00855900,1673711999999,145561.29743112,420,2.15974400,44778.46411192,0
1673712000000,20815.57000000,20863.53000000,20771.38000000,20807.56000000,2.11621000,1673715599999,44047.45897043,100,0.73835100,15372.81111151,0
1673715600000,20814.26000000,20904.13000000,20740.83000000,20765.94000000,2.59063000,1673719199999,53991.29494046,130,1.34569900,28047.38212987,0
1673719200000,20775.20000000,20800.00000000,20669.71000000,20744.64000000,2.75546600,1673722799999,57113.48712428,115,1.31127300,27169.15462709,0
1673722800000,20751.91000000,20858.77000000,20709.42000000,20788.89000000,3.23106000,1673726399999,67119.63810330,141,1.44410100,30033.04926355,0
1673726400000,20791.25000000,20900.00000000,20768.84000000,20900.00000000,1.27163700,1673729999999,26530.83951918,71,1.15574900,24119.79160957,0
1673730000000,20880.49000000,20939.97000000,20838.95000000,20895.12000000,2.15644100,1673733599999,45051.05827587,97,0.70691600,14763.44561986,0
1673733600000,20903.76000000,21014.20000000,20870.28000000,20974.14000000,1.96468000,1673737199999,41162.55120134,123,1.02253900,21415.45118780,0
1673737200000,20995.19000000,21074.11000000,20942.25000000,20954.92000000,3.45651100,1673740799999,72695.42777980,144,1.83311800,38546.21706906,0
1673740800000,20973.51000000,21000.00000000,20637.42000000,20759.70000000,5.25831900,1673744399999,109272.87113459,340,1.59576800,33186.08902334,0
1673744400000,20787.60000000,20787.60000000,20650.00000000,20767.56000000,1.74588400,1673747999999,36199.25255643,120,0.65448000,13572.72501871,0
1673748000000,20784.26000000,20812.78000000,20665.05000000,20677.02000000,1.95279500,1673751599999,40525.66848294,85,1.00602300,20905.05602321,0
1673751600000,20687.13000000,20731.46000000,20559.82000000,20731.46000000,3.21113900,1673755199999,66229.54181745,146,1.64918300,34010.11668981,0
1673755200000,20722.90000000,20758.76000000,20681.58000000,20700.25000000,1.16150300,1673758799999,24069.45612238,93,0.38983900,8085.20897568,0
1673758800000,20698.79000000,20778.67000000,20689.24000000,20759.94000000,1.48108300,1673762399999,30736.51142850,82,0.40310000,8364.29711388,0
1673762400000,20757.75000000,20792.80000000,20711.60000000,20731.48000000,0.45803500,1673765999999,9500.63060043,41,0.05389300,1118.55194032,0
1673766000000,20703.09000000,20733.90000000,20675.04000000,20730.73000000,0.11859700,1673769599999,2456.24256951,32,0.05559600,1152.05646246,0
1673769600000,20737.00000000,20751.81000000,20598.55000000,20612.18000000,0.26877400,1673773199999,5555.63354724,55,0.05645900,1166.79330368,0
1673773200000,20594.61000000,20750.00000000,20594.61000000,20750.00000000,0.77112000,1673776799999,15948.66911456,58,0.69876000,14454.94956789,0
1673776800000,20750.41000000,20760.10000000,20705.47000000,20705.47000000,0.43664200,1673780399999,9051.64984620,31,0.10798900,2240.03772058,0
1673780400000,20718.71000000,20742.11000000,20676.71000000,20742.11000000,0.66598500,1673783999999,13788.44031215,36,0.01599400,331.11778466,0
1673784000000,20724.05000000,20743.02000000,20672.89000000,20684.78000000,0.27856600,1673787599999,5767.05517402,25,0.08494600,1757.21457499,0
1673787600000,20709.23000000,20815.92000000,20700.00000000,20712.12000000,1.19739500,1673791199999,24863.03439600,71,0.58282500,12114.82622806,0
1673791200000,20712.58000000,20817.40000000,20689.73000000,20790.95000000,0.90045100,1673794799999,18673.64837190,51,0.60250800,12506.19820576,0
1673794800000,20792.71000000,20973.10000000,20791.05000000,20909.91000000,2.38308300,1673798399999,49737.19968003,187,0.95482800,19943.78802602,0
1673798400000,20916.40000000,20959.49000000,20859.68000000,20876.98000000,3.12037900,1673801999999,65225.22136055,322,0.47875400,10008.15509498,0
1673802000000,20884.75000000,21049.99000000,20880.21000000,20920.83000000,1.21830400,1673805599999,25526.95636077,281,0.46358400,9711.78145232,0
1673805600000,20930.18000000,20931.94000000,20689.20000000,20809.53000000,5.85084000,1673809199999,121688.49751388,331,2.39704700,49819.49947421,0
1673809200000,20832.99000000,20900.00000000,20784.26000000,20862.97000000,1.69754300,1673812799999,35417.85621931,82,0.68830600,14365.06873277,0
1673812800000,20887.81000000,20924.81000000,20850.10000000,20918.54000000,0.91979700,1673816399999,19201.10629914,70,0.13804800,2884.31439344,0
1673816400000,20911.72000000,20930.68000000,20871.00000000,20895.83000000,0.56353800,1673819999999,11772.33739702,57,0.37969700,7934.10986224,0
1673820000000,20910.21000000,20950.00000000,20766.01000000,20926.26000000,1.71465000,1673823599999,35736.08504206,165,1.07172300,22355.51574705,0
1673823600000,20900.31000000,20947.80000000,20847.02000000,20868.36000000,0.19640400,1673827199999,4102.04680175,53,0.13869200,2897.35229709,0
1673827200000,20883.26000000,20995.40000000,20783.48000000,20981.38000000,1.26343600,1673830799999,26380.36290975,136,1.14556400,23922.64716842,0
1673830800000,20953.83000000,21305.46000000,20924.81000000,21202.86000000,6.64160200,1673834399999,140477.98680808,398,3.05319100,64627.40196950,0
1673834400000,21205.75000000,21424.61000000,21137.24000000,21220.79000000,6.07071500,1673837999999,129392.69216757,296,3.56743100,76037.26776833,0
1673838000000,21210.16000000,21210.16000000,21044.46000000,21083.43000000,2.00583300,1673841599999,42348.41529206,153,1.07503100,22690.13631686,0
1673841600000,21103.31000000,21165.15000000,21041.49000000,21165.15000000,1.58199500,1673845199999,33382.57944286,139,0.67581800,14251.68523717,0
1673845200000,21150.59000000,21208.53000000,21125.96000000,21178.50000000,1.03207200,1673848799999,21852.80365459,89,0.27181700,5749.90865682,0
1673848800000,21192.02000000,21250.44000000,21126.88000000,21152.48000000,2.65601700,1673852399999,56305.47742270,223,1.59379700,33796.97866579,0
1673852400000,21159.19000000,21159.19000000,21077.11000000,21121.63000000,2.26009000,1673855999999,47699.28419767,86,1.52570000,32202.76794043,0
1673856000000,21105.24000000,21108.30000000,20661.86000000,20790.61000000,7.62702900,1673859599999,158835.16084890,500,3.31058500,68947.48341208,0
1673859600000,20751.18000000,20834.95000000,20736.55000000,20831.10000000,2.10470900,1673863199999,43789.79623561,87,1.87504000,39012.45386737,0
1673863200000,20833.20000000,20893.17000000,20812.43000000,20851.89000000,0.72909500,1673866799999,15202.73539164,59,0.19843000,4137.36401029,0
1673866800000,20860.07000000,20860.09000000,20784.26000000,20825.26000000,0.79298400,1673870399999,16509.65866132,48,0.01921700,400.26015579,0
1673870400000,20826.64000000,20864.19000000,20784.37000000,20784.37000000,0.68828200,1673873999999,14330.02624911,48,0.53117500,11058.33299051,0
1673874000000,20828.09000000,20853.71000000,20784.26000000,20784.26000000,0.06721900,1673877599999,1399.07263935,28,0.02315600,482.39471620,0
1673877600000,20832.43000000,20884.04000000,20759.00000000,20842.14000000,1.21265100,1673881199999,25244.77204831,77,0.35930800,7494.82552817,0
1673881200000,20865.17000000,21029.83000000,20633.81000000,20981.73000000,7.44360600,1673884799999,155234.95512619,248,2.02528500,42359.41580250,0
1673884800000,20996.11000000,21034.50000000,20917.21000000,20987.71000000,1.53150100,1673888399999,32136.39609566,80,0.49555500,10392.53062078,0
1673888400000,21000.41000000,21140.80000000,20994.18000000,21091.76000000,4.30802300,1673891999999,90836.05757528,186,2.25855200,47652.94665899,0
1673892000000,21107.27000000,21268.78000000,21043.61000000,21254.55000000,4.20646300,1673895599999,88736.98544023,149,2.44595700,51633.80903230,0
1673895600000,21280.03000000,21399.99000000,21233.41000000,21316.43000000,3.91380200,1673899199999,83380.76935379,277,1.61739500,34484.47671856,0
1673899200000,21322.28000000,21440.40000000,21223.74000000,21295.76000000,3.89684300,1673902799999,83157.05787850,283,2.42769800,51860.79720046,0
1673902800000,21250.51000000,21264.67000000,21066.19000000,21149.43000000,5.51482900,1673906399999,116606.76463264,249,1.17064400,24776.69739911,0
1673906400000,21142.79000000,21220.29000000,21142.79000000,21165.70000000,1.59862900,1673909999999,33849.73015627,97,0.47012500,9955.94513360,0
1673910000000,21177.00000000,21208.53000000,21112.40000000,21170.24000000,1.04700000,1673913599999,22143.01419647,74,0.65276500,13800.52936309,0
1673913600000,21154.49000000,21297.03000000,21072.08000000,21084.70000000,3.37960400,1673917199999,71480.66930326,273,1.82870600,38673.18193060,0
1673917200000,21126.45000000,21134.52000000,20854.47000000,21042.22000000,4.48061800,1673920799999,93960.43044320,277,1.27146400,26671.25084743,0
1673920800000,21037.87000000,21107.83000000,20995.38000000,21107.83000000,0.88210200,1673924399999,18560.57600652,91,0.17163000,3615.28613871,0
1673924400000,21111.71000000,21163.00000000,21061.75000000,21137.65000000,0.99627200,1673927999999,21054.21618933,103,0.87429700,18479.03895011,0
1673928000000,21128.47000000,21224.15000000,21102.10000000,21159.61000000,2.08331200,1673931599999,44125.08838128,165,1.11122300,23531.49964151,0
1673931600000,21162.62000000,21179.26000000,21124.60000000,21151.08000000,0.61434800,1673935199999,12995.62822440,65,0.51476400,10890.52919506,0
1673935200000,21153.95000000,21157.85000000,21074.70000000,21083.19000000,1.46593200,1673938799999,30978.73606907,154,1.11509500,23569.94524597,0
1673938800000,21066.19000000,21170.89000000,21066.19000000,21132.05000000,0.32319000,1673942399999,6828.71025105,67,0.28440700,6010.32313275,0
1673942400000,21129.03000000,21208.53000000,21123.46000000,21200.33000000,0.46615400,1673945999999,9872.07858943,60,0.27557100,5837.32139819,0
1673946000000,21201.05000000,21240.43000000,21157.64000000,21157.64000000,0.11731500,1673949599999,2488.55887199,22,0.10593000,2247.59088767,0
1673949600000,21150.00000000,21165.86000000,21085.03000000,21146.45000000,1.38968700,1673953199999,29342.41134272,129,0.40205100,8494.33269152,0
1673953200000,21114.21000000,21227.77000000,21111.71000000,21227.77000000,1.51366300,1673956799999,32030.06123694,105,0.76780800,16240.56602931,0
1673956800000,21230.85000000,21350.00000000,21202.30000000,21266.66000000,5.97852800,1673960399999,127237.08041800,255,2.99902700,63880.22618178,0
1673960400000,21263.87000000,21263.87000000,21179.35000000,21234.62000000,0.79155400,1673963999999,16786.17106828,73,0.16807000,3568.38216262,0
1673964000000,21225.90000000,21553.74000000,21066.19000000,21299.11000000,8.17457400,1673967599999,174375.43792205,487,4.07645600,86903.63149774,0
1673967600000,21317.58000000,21380.15000000,21044.46000000,21175.81000000,2.81954700,1673971199999,59709.79293933,257,1.01290000,21411.45487204,0
1673971200000,21139.34000000,21236.88000000,21090.46000000,21171.12000000,0.78642000,1673974799999,16654.09476256,111,0.65301200,13831.09436099,0
1673974800000,21181.55000000,21237.79000000,21083.41000000,21220.31000000,1.19918200,1673978399999,25362.09983164,106,0.29819100,6304.57331660,0
1673978400000,21246.89000000,21403.26000000,21197.45000000,21352.60000000,0.93327600,1673981999999,19886.72436869,109,0.40183600,8569.38308476,0
1673982000000,21370.24000000,21375.29000000,21286.51000000,21342.71000000,0.92908100,1673985599999,19817.39920079,81,0.22899900,4890.83910432,0
1673985600000,21372.88000000,21396.99000000,21269.87000000,21390.79000000,1.20288200,1673989199999,25667.72747596,83,0.56369800,12038.07415791,0
1673989200000,21394.69000000,21400.00000000,21280.05000000,21327.38000000,1.57707400,1673992799999,33592.22217438,113,0.54273900,11568.61752962,0
1673992800000,21317.51000000,21325.08000000,21212.46000000,21232.72000000,2.43065200,1673996399999,51621.04866040,80,0.73435200,15612.98150280,0
1673996400000,21208.53000000,21273.79000000,21123.00000000,21153.38000000,3.24395000,1673999999999,68815.38493395,328,1.78116100,37813.43709611,0
1674000000000,21132.92000000,21240.53000000,21100.23000000,21215.24000000,1.16586200,1674003599999,24715.44063249,178,0.90781400,19257.13441899,0
1674003600000,21213.70000000,21255.61000000,21171.91000000,21195.12000000,2.33457300,1674007199999,49557.04286659,181,0.83908900,17812.31078345,0
1674007200000,21220.59000000,21338.49000000,21156.21000000,21289.44000000,1.70187200,1674010799999,36170.80839161,118,0.65675500,13949.27946987,0
1674010800000,21299.12000000,21366.71000000,21262.19000000,21262.19000000,0.70158500,1674014399999,14940.87819541,101,0.08782900,1872.55280218,0
1674014400000,21272.71000000,21295.03000000,21250.00000000,21277.68000000,0.33265100,1674017999999,7080.08984007,60,0.29046000,6182.48742047,0
1674018000000,21267.46000000,21310.98000000,21257.32000000,21310.82000000,0.06676800,1674021599999,1421.67023465,30,0.04975000,1059.61930637,0
1674021600000,21308.24000000,21309.72000000,21254.77000000,21267.66000000,0.10178800,1674025199999,2166.74064542,26,0.01472200,313.18486355,0
1674025200000,21263.58000000,21305.92000000,21246.10000000,21300.00000000,0.25782500,1674028799999,5486.41739924,79,0.05355300,1139.09156044,0
1674028800000,21316.96000000,21316.97000000,21223.21000000,21236.41000000,0.38673800,1674032399999,8219.11284708,108,0.12703100,2699.22020288,0
1674032400000,21249.58000000,21280.05000000,21168.44000000,21237.22000000,1.20306200,1674035999999,25496.25343367,87,0.42927500,9104.59853196,0
1674036000000,21236.45000000,21255.29000000,21187.68000000,21187.69000000,0.03519200,1674039599999,746.55309072,23,0.01959200,415.56901004,0
1674039600000,21185.90000000,21238.23000000,21181.72000000,21207.64000000,0.08912000,1674043199999,1889.52488530,25,0.06032300,1279.13393493,0
1674043200000,21214.01000000,21287.74000000,21214.01000000,21264.00000000,0.09787600,1674046799999,2078.91253864,35,0.02008600,426.96625947,0
1674046800000,21265.38000000,21450.00000000,21224.15000000,21420.89000000,2.35905600,1674050399999,50226.66944261,143,1.26982400,27041.89126283,0
1674050400000,21416.97000000,21622.21000000,21321.31000000,21432.97000000,6.46072600,1674053999999,138596.49899364,402,4.06112200,87143.68460348,0
1674054000000,21437.59000000,21550.00000000,20846.96000000,21044.57000000,7.34840300,1674057599999,154963.61599556,522,3.74571900,79014.88924041,0
1674057600000,20996.43000000,21009.37000000,20405.53000000,20834.51000000,26.38863500,1674061199999,545795.56539772,1225,11.24428000,232354.22289604,0
1674061200000,20842.70000000,21125.41000000,20750.00000000,20878.89000000,10.91747600,1674064799999,228756.10521791,535,6.35327100,133161.42768057,0
1674064800000,20858.12000000,21047.21000000,20846.54000000,20914.89000000,3.97048300,1674068399999,83070.21277911,300,2.25026100,47060.55162881,0
1674068400000,20914.95000000,20979.20000000,20894.88000000,20904.32000000,0.57875600,1674071999999,12116.84681866,102,0.15550000,3254.36328007,0
1674072000000,20885.89000000,20932.68000000,20689.20000000,20737.28000000,1.87111400,1674075599999,38893.58482483,171,1.18456000,24615.50315183,0
1674075600000,20744.40000000,20825.83000000,20740.91000000,20781.82000000,0.25680700,1674079199999,5335.98411911,48,0.14250700,2962.47437449,0
1674079200000,20766.95000000,20809.69000000,20644.88000000,20809.69000000,1.06459400,1674082799999,22068.35586767,88,0.44307800,9188.00609871,0
1674082800000,20786.67000000,20795.08000000,20650.00000000,20680.90000000,0.84485600,1674086399999,17510.05520190,58,0.59295100,12293.36696962,0
1674086400000,20700.00000000,20754.56000000,20655.70000000,20687.39000000,5.14033600,1674089999999,106322.43930140,123,2.13208000,44123.05921141,0
1674090000000,20675.07000000,20769.14000000,20674.40000000,20700.00000000,0.83057600,1674093599999,17197.97207612,53,0.80098900,16585.45321490,0
1674093600000,20675.50000000,20762.07000000,20675.50000000,20762.07000000,0.20101900,1674097199999,4163.21124989,21,0.12108500,2504.54734517,0
1674097200000,20756.62000000,20804.08000000,20743.22000000,20743.22000000,0.56366800,1674100799999,11701.56053702,71,0.08545600,1775.61154613,0
1674100800000,20787.86000000,20858.77000000,20779.38000000,20813.24000000,1.64150800,1674104399999,34193.51887638,103,1.39394400,29036.51568409,0
1674104400000,20800.91000000,20845.75000000,20786.25000000,20798.09000000,0.33784500,1674107999999,7036.73945171,38,0.26519800,5525.21879549,0
1674108000000,20818.98000000,20848.79000000,20798.30000000,20816.32000000,0.27621500,1674111599999,5755.15937990,39,0.25501700,5313.70224750,0
1674111600000,20826.50000000,20830.33000000,20812.36000000,20813.56000000,0.05275500,1674115199999,1098.64162952,11,0.04780800,995.67998540,0
1674115200000,20819.98000000,20847.00000000,20776.66000000,20782.22000000,0.11585300,1674118799999,2410.11795412,31,0.05207800,1083.75919058,0
1674118800000,20761.25000000,20804.00000000,20740.66000000,20797.21000000,0.52575800,1674122399999,10927.01064593,61,0.50452200,10486.18892333,0
1674122400000,20798.89000000,20798.89000000,20748.31000000,20788.69000000,0.10276000,1674125999999,2134.57269438,21,0.09011000,1871.87217822,0
1674126000000,20797.23000000,20797.23000000,20702.41000000,20735.19000000,0.18302900,1674129599999,3793.70841369,40,0.14655800,3037.76976022,0
1674129600000,20742.39000000,20769.25000000,20684.04000000,20684.04000000,0.46198100,1674133199999,9570.20023833,55,0.35601800,7375.44013227,0
1674133200000,20693.19000000,20800.00000000,20672.76000000,20778.84000000,2.14469800,1674136799999,44459.39840469,131,0.68993100,14300.27753595,0
1674136800000,20789.17000000,20868.49000000,20722.17000000,20800.00000000,0.50511300,1674140399999,10500.50587892,98,0.06903600,1437.80252402,0
1674140400000,20795.77000000,20950.00000000,20795.77000000,20866.86000000,0.46072400,1674143999999,9617.09451922,77,0.21942400,4584.50392526,0
1674144000000,20854.47000000,20909.01000000,20841.83000000,20876.97000000,0.64927200,1674147599999,13554.11821870,76,0.55775200,11644.61033244,0
1674147600000,20879.32000000,20942.90000000,20800.00000000,20831.40000000,1.26697700,1674151199999,26450.17849447,89,0.82414600,17200.51272527,0
1674151200000,20837.35000000,21000.00000000,20833.41000000,20969.03000000,0.32779500,1674154799999,6859.89765389,79,0.25881500,5419.89419714,0
1674154800000,20969.03000000,21125.41000000,20950.00000000,21098.48000000,0.32721300,1674158399999,6887.68695809,74,0.22419500,4717.23213162,0
1674158400000,21105.02000000,21181.70000000,21036.92000000,21105.50000000,1.45414100,1674161999999,30690.08764858,195,0.20990700,4434.79307018,0
1674162000000,21100.07000000,21100.08000000,20942.25000000,20942.25000000,0.58855200,1674165599999,12364.62619092,71,0.44685100,9386.20890363,0
1674165600000,20947.30000000,21079.99000000,20947.29000000,21064.58000000,1.75267700,1674169199999,36802.99505266,89,0.95535800,20077.23791961,0
1674169200000,21079.52000000,21116.72000000,21037.27000000,21077.97000000,0.76271300,1674172799999,16065.80585639,87,0.48362900,10185.27304571,0
1674172800000,21084.73000000,21118.83000000,21030.78000000,21043.78000000,0.22756100,1674176399999,4794.94598663,55,0.16887800,3557.56550998,0
1674176400000,21050.00000000,21141.68000000,21028.07000000,21128.46000000,0.31298800,1674179999999,6600.98172967,57,0.23817500,5023.94807153,0
1674180000000,21136.28000000,21210.52000000,21084.02000000,21084.02000000,0.99963600,1674183599999,21145.31521651,86,0.06030400,1276.87288110,0
1674183600000,21088.23000000,21111.15000000,21061.11000000,21079.54000000,0.06294000,1674187199999,1327.10123982,30,0.04957300,1045.33058972,0
1674187200000,21114.06000000,21123.45000000,20974.33000000,21000.95000000,1.26159000,1674190799999,26599.85752814,65,0.21913300,4603.96547224,0
1674190800000,20997.07000000,21034.79000000,20961.65000000,20973.85000000,1.82032200,1674194399999,38244.81805925,100,1.60699700,33764.56179393,0
1674194400000,20965.04000000,20997.57000000,20932.75000000,20952.27000000,0.52907000,1674197999999,11098.31100331,54,0.40057000,8406.55277525,0
1674198000000,20948.05000000,20986.03000000,20881.33000000,20950.22000000,0.63063800,1674201599999,13194.70361334,65,0.17932000,3750.68214171,0
1674201600000,20949.89000000,20972.81000000,20907.77000000,20921.42000000,0.49831000,1674205199999,10430.39168157,68,0.10390400,2174.95454397,0
1674205200000,20934.90000000,20990.49000000,20910.34000000,20961.02000000,0.16690900,1674208799999,3497.88095183,37,0.06985300,1465.23637764,0
1674208800000,20940.51000000,20960.38000000,20922.42000000,20945.05000000,0.33363300,1674212399999,6988.03824415,22,0.17390500,3641.36895425,0
1674212400000,20961.78000000,20987.56000000,20947.22000000,20962.11000000,0.02944400,1674215999999,617.28878584,17,0.01072200,224.88038691,0
1674216000000,20969.90000000,21125.41000000,20969.90000000,21102.38000000,0.42135700,1674219599999,8878.47627008,55,0.15712600,3309.94601573,0
1674219600000,21100.99000000,21142.53000000,21049.87000000,21049.87000000,0.36569900,1674223199999,7726.46452065,32,0.34633600,7318.51866119,0
1674223200000,21084.74000000,21157.78000000,21023.06000000,21144.06000000,12.90243800,1674226799999,272169.15159757,382,5.53868100,116940.52586070,0
1674226800000,21157.48000000,21235.75000000,21108.60000000,21127.03000000,1.42299800,1674230399999,30125.14869281,131,0.45203000,9575.44013239,0
1674230400000,21150.58000000,21403.26000000,21144.63000000,21287.74000000,2.58394700,1674233999999,54964.12056472,163,1.72661200,36706.60238116,0
1674234000000,21320.19000000,21405.92000000,21287.74000000,21374.42000000,1.40828000,1674237599999,30063.65363946,97,0.13668500,2916.06558316,0
1674237600000,21362.32000000,21423.82000000,21299.59000000,21388.24000000,3.63473900,1674241199999,77735.51735683,160,2.73535900,58494.14161198,0
1674241200000,21373.39000000,21509.63000000,21368.93000000,21509.63000000,2.23359900,1674244799999,47821.32499302,117,0.66313200,14197.20815826,0
1674244800000,21520.08000000,22346.37000000,21510.23000000,22295.20000000,32.09767500,1674248399999,705480.47575145,791,19.94594200,438163.88276907,0
1674248400000,22299.89000000,22423.25000000,22215.32000000,22326.94000000,7.41033000,1674251999999,165410.23856225,290,3.58957600,80115.74562288,0
1674252000000,22325.39000000,22696.64000000,22325.39000000,22591.52000000,8.80075000,1674255599999,198432.33196736,333,4.30365500,97118.39253533,0
1674255600000,22601.22000000,22754.63000000,22581.71000000,22700.00000000,18.38245600,1674259199999,416216.27421928,358,6.57174000,148916.48943858,0
1674259200000,22668.57000000,22788.55000000,22458.46000000,22597.76000000,8.71877200,1674262799999,196671.69218577,270,3.22345100,72765.78672789,0
1674262800000,22590.50000000,22614.73000000,22557.41000000,22564.05000000,1.90340300,1674266399999,43003.88509122,130,0.23568500,5325.87664738,0
1674266400000,22561.31000000,22623.33000000,22524.62000000,22551.30000000,1.83397600,1674269999999,41427.50637552,82,0.73021700,16491.68242695,0
1674270000000,22538.51000000,22574.69000000,22503.53000000,22561.38000000,0.63778800,1674273599999,14372.19906745,37,0.17935300,4044.78182209,0
1674273600000,22538.40000000,22635.96000000,22538.10000000,22591.44000000,2.84366600,1674277199999,64238.42799970,130,1.00177700,22640.60455094,0
1674277200000,22603.21000000,22605.24000000,22564.38000000,22564.38000000,0.18587300,1674280799999,4200.45578646,14,0.09153600,2068.70286208,0
1674280800000,22573.26000000,22616.29000000,22573.26000000,22615.78000000,0.21848600,1674284399999,4940.26958541,11,0.03510500,793.22154045,0
1674284400000,22613.68000000,22663.92000000,22611.73000000,22639.48000000,0.71519400,1674287999999,16196.02825317,23,0.17074800,3862.48868175,0
1674288000000,22685.69000000,22772.06000000,22680.37000000,22708.08000000,1.07043200,1674291599999,24338.10016920,53,0.32098900,7296.62587819,0
1674291600000,22712.70000000,23058.61000000,22712.70000000,23006.62000000,35.16101000,1674295199999,805239.44622033,730,18.85907100,432470.74684753,0
1674295200000,23006.62000000,23307.47000000,22632.65000000,22771.52000000,58.80942400,1674298799999,1350836.02779685,1470,23.76904500,545746.36183450,0
1674298800000,22802.77000000,22950.00000000,22666.44000000,22912.29000000,2.11253900,1674302399999,48151.51770211,152,1.58961900,36227.44961075,0
1674302400000,22921.22000000,23079.13000000,22891.24000000,23038.03000000,3.77713200,1674305999999,86827.36820153,131,1.66399200,38232.74115751,0
1674306000000,23030.61000000,23030.61000000,22871.86000000,22937.03000000,2.32890300,1674309599999,53439.09162766,98,0.72302900,16599.77333837,0
1674309600000,22954.64000000,23020.85000000,22897.02000000,22935.89000000,0.83837700,1674313199999,19258.51471827,65,0.63259600,14531.70984661,0
1674313200000,22977.03000000,23279.97000000,22950.00000000,22950.00000000,6.56297300,1674316799999,151938.03251351,248,3.58299600,82999.70956303,0
1674316800000,23015.88000000,23265.47000000,22999.89000000,23209.30000000,5.20233900,1674320399999,120373.56471603,215,2.63343600,60893.07457036,0
